images-22-_jpeg.rf.3307dd18898c4ed38957f4f5315c53a3.jpg,314,48,539,563,sickChicken
ben-moreland-auijD19Byq8-unsplash_jpg.rf.042d00cf7fffee6cc85eeb0e1c76ab69.jpg,187,178,505,640,healthyChicken
ben-moreland-auijD19Byq8-unsplash_jpg.rf.042d00cf7fffee6cc85eeb0e1c76ab69.jpg,0,106,303,405,healthyChicken
ben-moreland-auijD19Byq8-unsplash_jpg.rf.042d00cf7fffee6cc85eeb0e1c76ab69.jpg,116,61,338,188,healthyChicken
ben-moreland-auijD19Byq8-unsplash_jpg.rf.042d00cf7fffee6cc85eeb0e1c76ab69.jpg,503,82,640,202,healthyChicken
ben-moreland-auijD19Byq8-unsplash_jpg.rf.042d00cf7fffee6cc85eeb0e1c76ab69.jpg,462,165,637,392,healthyChicken
chicken_cockerel_poultry_rooster_0_jpg.rf.2ee3889e0fd6f44512310b65405dd0ca.jpg,229,24,635,602,healthyChicken
images-2024-02-08T152135-487_jpeg.rf.0d0440be982bd341f4f4b201eb8b7f26.jpg,2,0,640,631,sickChicken
download-5-_jpeg.rf.1cb522ab00e4c1b48ac04b2b9d4d4e5d.jpg,10,136,583,588,sickChicken
download-10-_jpeg.rf.0003a4c8f022b2c850dda88bf09ef3d5.jpg,23,150,470,595,healthyChicken
images-13-_jpeg.rf.2f0d9f6c04869f2dac62b245414a8bed.jpg,202,38,612,588,sickChicken
images-2024-02-08T152106-101_jpeg.rf.31bd81dd0b1f0df8df2b4aa4e042afa3.jpg,88,91,560,438,sickChicken
download-28-_jpeg.rf.32da29b64a857c391ef2bd892b34cca5.jpg,2,0,639,637,sickChicken
images-2024-02-08T151855-118_jpeg.rf.29d5001411a5c8a0b7526f8a131c5746.jpg,37,42,609,573,sickChicken
images-2024-02-08T152630-496_jpeg.rf.39ffd3e856bd8265375d0b71e7968e86.jpg,112,0,447,632,healthyChicken
images-2024-02-08T152121-180_jpeg.rf.309af0a1bfc71e9b0c91962126d1e0aa.jpg,115,163,525,585,sickChicken
download-17-_jpeg.rf.16cb259c026e92f42d397bc41f0c86cd.jpg,267,57,569,524,healthyChicken
download-34-_jpeg.rf.3573df93f0b4d6913eef4dd816ac560d.jpg,14,80,621,423,healthyChicken
images-5-_jpeg.rf.250c0776e0fa7111fd4e0e0260784f6b.jpg,4,56,640,637,sickChicken
download-13-_jpeg.rf.0096eb566b31289d10f525b8896d2e1d.jpg,31,134,529,496,sickChicken
images-2024-02-08T152424-701_jpeg.rf.2c5f61aacb19640493d09e7a47a333c2.jpg,34,0,640,640,sickChicken
gettyimages-1220247946-612x612_jpg.rf.18287c9971a7d8b7f8064dbaca462545.jpg,198,207,392,540,healthyChicken
gettyimages-1220247946-612x612_jpg.rf.18287c9971a7d8b7f8064dbaca462545.jpg,26,231,137,598,healthyChicken
gettyimages-1220247946-612x612_jpg.rf.18287c9971a7d8b7f8064dbaca462545.jpg,331,148,511,394,healthyChicken
images-2024-02-08T152557-807_jpeg.rf.15171063245615dacea02ab61bff007b.jpg,255,189,418,451,sickChicken
images-2024-02-08T152557-807_jpeg.rf.15171063245615dacea02ab61bff007b.jpg,101,141,234,450,sickChicken
download-22-_jpeg.rf.054a09ab67d5936e3b70dcee86d705ef.jpg,0,50,613,640,healthyChicken
images-2024-02-08T152146-907_jpeg.rf.1084f57ee3245fe8fb43a2066a2bdbb9.jpg,1,80,561,589,healthyChicken
chicken_chickens_hahn_gockel_jpg.rf.07a366551cfed89d2a7dee560d78cb00.jpg,338,275,523,572,healthyChicken
chicken_chickens_hahn_gockel_jpg.rf.07a366551cfed89d2a7dee560d78cb00.jpg,160,186,325,521,healthyChicken
chicken_chickens_hahn_gockel_jpg.rf.07a366551cfed89d2a7dee560d78cb00.jpg,79,214,186,489,healthyChicken
download-37-_jpeg.rf.313bf14988d87b8e58efd8ad3356603b.jpg,214,164,340,409,sickChicken
download-37-_jpeg.rf.313bf14988d87b8e58efd8ad3356603b.jpg,343,191,433,377,sickChicken
download-37-_jpeg.rf.313bf14988d87b8e58efd8ad3356603b.jpg,52,233,184,477,sickChicken
download-37-_jpeg.rf.313bf14988d87b8e58efd8ad3356603b.jpg,437,155,536,347,sickChicken
images-2024-02-08T152116-880_jpeg.rf.39ef0a543549f1ff7235e7d13a6f18dd.jpg,20,0,638,640,sickChicken
images-2024-02-08T151916-185_jpeg.rf.1724d033e2c7b2e8ad12bf1157a0ac66.jpg,221,33,537,630,sickChicken
images-1-_jpeg.rf.3c729cf2737c4b8cd08ece33819b41d7.jpg,0,151,483,637,healthyChicken
chicken_walk_chicken_farm_jpg.rf.47f0d3ff4ae7c49de192527fa49817b4.jpg,167,237,355,583,healthyChicken
images-2024-02-08T152457-604_jpeg.rf.46c4297961a67e8a9b8ae5a7bbc0ca41.jpg,124,160,630,640,sickChicken
chicken_bird_domestic_animal_jpg.rf.44fd5e9d1c43d00dac3846af88847d65.jpg,157,113,527,511,healthyChicken
images-2024-02-08T152512-214_jpeg.rf.51e7f15bfd2eb7f5e3dd884488a09341.jpg,11,36,640,637,sickChicken
images-2024-02-08T152155-091_jpeg.rf.4e9be618c4819a06e0c6ec7585b5ea4c.jpg,120,59,633,639,sickChicken
images-2024-02-08T152603-926_jpeg.rf.61802582fa2a9a5640cc7844b7895797.jpg,66,91,640,578,sickChicken
chicken_fowl_hen_farm_0_jpg.rf.4e1cfc9d4628757c81736d5e4d652e9d.jpg,227,79,514,599,healthyChicken
chickens_chicks_baby_animal_jpg.rf.3d7b44d65264d3dc2ac102507ae7134a.jpg,374,181,528,440,healthyChicken
chickens_chicks_baby_animal_jpg.rf.3d7b44d65264d3dc2ac102507ae7134a.jpg,321,397,485,640,healthyChicken
chickens_chicks_baby_animal_jpg.rf.3d7b44d65264d3dc2ac102507ae7134a.jpg,188,170,378,432,healthyChicken
chickens_chicks_baby_animal_jpg.rf.3d7b44d65264d3dc2ac102507ae7134a.jpg,263,309,374,559,healthyChicken
images-2024-02-08T151838-135_jpeg.rf.4a655ba110b3027f49d273555447de87.jpg,195,226,345,523,healthyChicken
white-laced-chicken-dust-bathing_jpg.rf.527525bdfaa232a2954d1745d296c43e.jpg,112,203,555,563,sickChicken
images-2024-02-08T152132-422_jpeg.rf.58233f6b9432dff29a6ee958b9597eed.jpg,2,5,640,638,healthyChicken
images-2024-02-08T152420-841_jpeg.rf.41eebaf978d11c427da5ed8a0f9c5b79.jpg,6,4,494,631,sickChicken
chicken_feather_bird_farm_jpg.rf.62e4d06bc27ab4165594e7c666b04a3d.jpg,300,73,639,506,healthyChicken
chicken_feather_bird_farm_jpg.rf.62e4d06bc27ab4165594e7c666b04a3d.jpg,32,52,300,530,healthyChicken
istockphoto-1341597762-612x612_jpg.rf.60a12ae2ea611dd15a77ef6c5dac3b4d.jpg,102,201,493,547,sickChicken
images-16-_jpeg.rf.6e87eaf17706428f0c0c2d1e08a62190.jpg,86,73,509,541,sickChicken
images-2024-02-08T151846-030_jpeg.rf.6edecc57c0c4f803207309c4456d05d4.jpg,136,202,596,534,sickChicken
chicken_poultry_farm_animals_0_jpg.rf.6318ff9bef777963ba0cd7d32f912bc9.jpg,208,121,391,609,healthyChicken
images-4-_jpeg.rf.58636fffd5c22a57b170a6af952be180.jpg,74,130,402,266,sickChicken
images-4-_jpeg.rf.58636fffd5c22a57b170a6af952be180.jpg,276,218,593,467,sickChicken
monika-kubala-DIjzFYrzHVw-unsplash_jpg.rf.58aa45f20d09a3bb1537d87e0d370591.jpg,131,165,498,612,healthyChicken
monika-kubala-DIjzFYrzHVw-unsplash_jpg.rf.58aa45f20d09a3bb1537d87e0d370591.jpg,136,31,582,287,healthyChicken
images-2024-02-08T151903-134_jpeg.rf.680b812149fe379f377ad3a0e6849675.jpg,0,83,292,631,sickChicken
images-2024-02-08T151903-134_jpeg.rf.680b812149fe379f377ad3a0e6849675.jpg,267,56,584,628,sickChicken
images-2024-02-08T152113-027_jpeg.rf.6f3e5f489bfeb457037c800025f200af.jpg,0,144,453,632,healthyChicken
images-2024-02-08T152110-373_jpeg.rf.641fd5ca62497854c7c244e41fcd6af7.jpg,88,161,488,536,healthyChicken
download_jpeg.rf.7066cf8a674c58be3dd5ed309dbf78bf.jpg,12,57,247,553,healthyChicken
images-20-_jpeg.rf.514bb09d6b2d2c98312a08b5e21cbc70.jpg,0,449,251,640,sickChicken
images-20-_jpeg.rf.514bb09d6b2d2c98312a08b5e21cbc70.jpg,275,273,383,458,sickChicken
chicken_breed_chicken_bird_2_jpg.rf.6efd3da701ff022e554e69d8ab021703.jpg,161,41,471,581,healthyChicken
images-2024-02-08T152143-699_jpeg.rf.6d393caafb2fe7e19b870000b31e96c2.jpg,25,1,638,633,sickChicken
chicken_chicks_feeding_hen_jpg.rf.71cbfc5a4268ebcef99178fc07f8bd77.jpg,39,447,262,640,healthyChicken
chicken_chicks_feeding_hen_jpg.rf.71cbfc5a4268ebcef99178fc07f8bd77.jpg,230,385,439,612,healthyChicken
chicken_chicks_feeding_hen_jpg.rf.71cbfc5a4268ebcef99178fc07f8bd77.jpg,9,107,197,401,healthyChicken
chicken_chicks_feeding_hen_jpg.rf.71cbfc5a4268ebcef99178fc07f8bd77.jpg,243,218,363,381,healthyChicken
chicken_chicks_feeding_hen_jpg.rf.71cbfc5a4268ebcef99178fc07f8bd77.jpg,213,14,323,214,healthyChicken
chicken_chicks_feeding_hen_jpg.rf.71cbfc5a4268ebcef99178fc07f8bd77.jpg,410,249,579,461,healthyChicken
download-19-_jpeg.rf.74d2e080a69e0a0f834a71b45c62ab5e.jpg,62,286,178,417,sickChicken
download-19-_jpeg.rf.74d2e080a69e0a0f834a71b45c62ab5e.jpg,144,311,237,517,sickChicken
download-19-_jpeg.rf.74d2e080a69e0a0f834a71b45c62ab5e.jpg,346,202,474,333,sickChicken
download-19-_jpeg.rf.74d2e080a69e0a0f834a71b45c62ab5e.jpg,299,454,381,595,sickChicken
download-19-_jpeg.rf.74d2e080a69e0a0f834a71b45c62ab5e.jpg,556,133,640,256,sickChicken
download-19-_jpeg.rf.74d2e080a69e0a0f834a71b45c62ab5e.jpg,482,475,579,594,sickChicken
download-19-_jpeg.rf.74d2e080a69e0a0f834a71b45c62ab5e.jpg,571,474,640,596,sickChicken
download-19-_jpeg.rf.74d2e080a69e0a0f834a71b45c62ab5e.jpg,195,168,357,312,sickChicken
download-19-_jpeg.rf.74d2e080a69e0a0f834a71b45c62ab5e.jpg,355,418,480,596,sickChicken
download-19-_jpeg.rf.74d2e080a69e0a0f834a71b45c62ab5e.jpg,289,76,447,195,sickChicken
download-19-_jpeg.rf.74d2e080a69e0a0f834a71b45c62ab5e.jpg,107,62,212,169,sickChicken
download-19-_jpeg.rf.74d2e080a69e0a0f834a71b45c62ab5e.jpg,497,57,602,182,sickChicken
download-19-_jpeg.rf.74d2e080a69e0a0f834a71b45c62ab5e.jpg,32,52,108,215,sickChicken
download-19-_jpeg.rf.74d2e080a69e0a0f834a71b45c62ab5e.jpg,160,24,300,224,sickChicken
download-19-_jpeg.rf.74d2e080a69e0a0f834a71b45c62ab5e.jpg,287,300,430,441,sickChicken
download-19-_jpeg.rf.74d2e080a69e0a0f834a71b45c62ab5e.jpg,69,0,135,95,sickChicken
download-19-_jpeg.rf.74d2e080a69e0a0f834a71b45c62ab5e.jpg,497,0,620,40,sickChicken
images-2024-02-08T152428-660_jpeg.rf.79ba64ad27f4e52461ee5d5ae95c6fd6.jpg,130,50,566,541,sickChicken
download-1-_jpeg.rf.7dcce9d403c5c5b63966f9d91a6d67c9.jpg,92,198,640,632,sickChicken
chicken_black_prejudices_kura_jpg.rf.7424c453742e7882c2f39b1a9e85e3c7.jpg,73,79,495,590,healthyChicken
download-4-_jpeg.rf.9057ed91a35eb57fbdeb164268aa5d8d.jpg,122,173,266,518,sickChicken
chicken_cock_chickens_village_jpg.rf.8640ed2360c36934e042ec7f8bb5d18d.jpg,198,206,429,562,healthyChicken
chicken_cock_chickens_village_jpg.rf.8640ed2360c36934e042ec7f8bb5d18d.jpg,333,173,593,606,healthyChicken
chicken_cock_chickens_village_jpg.rf.8640ed2360c36934e042ec7f8bb5d18d.jpg,115,148,248,537,healthyChicken
images-2024-02-08T152325-524_jpeg.rf.8286905275bcc8b09a206889626ea3a3.jpg,2,4,501,640,sickChicken
chicken_chickens_farm_feather_jpg.rf.88b86956d6ea7dfd7e19951151966b12.jpg,172,192,366,423,healthyChicken
chicken_chickens_farm_feather_jpg.rf.88b86956d6ea7dfd7e19951151966b12.jpg,463,220,511,305,healthyChicken
chicken_chickens_farm_feather_jpg.rf.88b86956d6ea7dfd7e19951151966b12.jpg,411,192,473,389,healthyChicken
images-2024-02-08T152434-320_jpeg.rf.992b9d9eca6617d17a4a3b8a6f946c65.jpg,412,110,578,466,sickChicken
chickens_at_tranquilles_b_jpg.rf.89f6e3e70bc723b138302a30e4dff5a2.jpg,23,120,143,518,healthyChicken
chickens_at_tranquilles_b_jpg.rf.89f6e3e70bc723b138302a30e4dff5a2.jpg,230,68,342,470,healthyChicken
chickens_at_tranquilles_b_jpg.rf.89f6e3e70bc723b138302a30e4dff5a2.jpg,328,115,452,515,healthyChicken
chickens_at_tranquilles_b_jpg.rf.89f6e3e70bc723b138302a30e4dff5a2.jpg,440,121,622,567,healthyChicken
chicken_chickens_farm_garden_jpg.rf.7bf4c615cfbf0f552ab06cf66c865f33.jpg,106,182,178,381,healthyChicken
chicken_chickens_farm_garden_jpg.rf.7bf4c615cfbf0f552ab06cf66c865f33.jpg,364,240,521,495,healthyChicken
chicken_chickens_farm_garden_jpg.rf.7bf4c615cfbf0f552ab06cf66c865f33.jpg,224,134,417,469,healthyChicken
images-2024-02-08T151925-096_jpeg.rf.934ded98cc00ffa3efd0a5fac9d2f717.jpg,0,6,640,601,sickChicken
images-2024-02-08T151906-310_jpeg.rf.91157ac480d3c919cb651d3ee4a8a732.jpg,246,196,531,594,sickChicken
images-2024-02-08T151906-310_jpeg.rf.91157ac480d3c919cb651d3ee4a8a732.jpg,187,3,273,382,sickChicken
download-31-_jpeg.rf.8677a6d7233d3b666a07d9ab95d9d59f.jpg,103,113,488,638,healthyChicken
download-25-_jpeg.rf.86d8c803ec522829f03c049473800bab.jpg,29,100,605,620,sickChicken
chicken_chickens_bird_feather_jpg.rf.a1d6f766843af8540dbdf917799785c8.jpg,76,171,380,630,healthyChicken
images-2024-02-08T152414-635_jpeg.rf.96b2873ff1bf53fb337488643097e618.jpg,332,20,636,640,sickChicken
istockphoto-1300275780-1024x1024_jpg.rf.a0136ffb6fe0202782cd4362f8083afb.jpg,150,0,482,640,healthyChicken
download-11-_jpeg.rf.afe56421af3daf748a64b1ddd9d5c73a.jpg,0,1,603,589,sickChicken
chicken_bird_fowl_brown_jpg.rf.8f33a2ec7b1a570d40619695a8b0e678.jpg,176,91,415,625,healthyChicken
images-2024-02-08T152641-126_jpeg.rf.8df4c9a64fb7833f250ce4085373e1e7.jpg,151,75,452,515,sickChicken
sick-chicken1_png.rf.850bd47382fd517fdeabebe2394b1ce4.jpg,51,41,593,519,sickChicken
istockphoto-1345635756-1024x1024_jpg.rf.b0f615d214deb4cbcba4397bdf5cb160.jpg,170,159,467,555,sickChicken
chickens_nature_birds_poultry_jpg.rf.89ebe5e29814ff2002d7e77aafdee6ff.jpg,0,269,127,576,healthyChicken
chickens_nature_birds_poultry_jpg.rf.89ebe5e29814ff2002d7e77aafdee6ff.jpg,378,244,546,447,healthyChicken
chickens_nature_birds_poultry_jpg.rf.89ebe5e29814ff2002d7e77aafdee6ff.jpg,311,309,474,523,healthyChicken
chickens_nature_birds_poultry_jpg.rf.89ebe5e29814ff2002d7e77aafdee6ff.jpg,170,268,310,510,healthyChicken
download-38-_jpeg.rf.a5b37b0d34d801ec0c64a9852c937d98.jpg,26,15,282,503,sickChicken
download-38-_jpeg.rf.a5b37b0d34d801ec0c64a9852c937d98.jpg,366,35,613,447,sickChicken
download-2-_jpeg.rf.b173f3f50afc97407ee916c832d079dc.jpg,153,78,523,549,sickChicken
images-2024-02-08T151851-498_jpeg.rf.976527b49254efa44cd57d495cad4d2d.jpg,127,26,638,639,sickChicken
chicken_hahn_campground_camping_jpg.rf.8b7b5f324f381046f65e11c11e7ad573.jpg,178,184,319,591,healthyChicken
chicken_hahn_campground_camping_jpg.rf.8b7b5f324f381046f65e11c11e7ad573.jpg,350,169,452,305,healthyChicken
chickens_dancing_birds_animal_jpg.rf.c586be8e4b93f462a1179b4e5bde4ebb.jpg,146,114,327,512,healthyChicken
chickens_dancing_birds_animal_jpg.rf.c586be8e4b93f462a1179b4e5bde4ebb.jpg,331,156,484,567,healthyChicken
images-8-_jpeg.rf.a210012cc440eec781a91d5c2b89372d.jpg,0,0,506,640,sickChicken
chickens_d_angola_animal_jpg.rf.cedae2441da4be62890409689be14bb6.jpg,90,85,240,462,healthyChicken
chickens_d_angola_animal_jpg.rf.cedae2441da4be62890409689be14bb6.jpg,449,137,586,427,healthyChicken
chickens_d_angola_animal_jpg.rf.cedae2441da4be62890409689be14bb6.jpg,274,287,377,553,healthyChicken
images-23-_jpeg.rf.bbbab793178c2446d01ad1ef31d884fd.jpg,143,40,575,578,sickChicken
chicken_chicken_coop_poultry_jpg.rf.bcf4b800215cee12e725ab78ab07ea0e.jpg,372,210,436,298,healthyChicken
chicken_chicken_coop_poultry_jpg.rf.bcf4b800215cee12e725ab78ab07ea0e.jpg,285,223,360,335,healthyChicken
chicken_chicken_coop_poultry_jpg.rf.bcf4b800215cee12e725ab78ab07ea0e.jpg,328,166,379,219,healthyChicken
chicken_chicken_coop_poultry_jpg.rf.bcf4b800215cee12e725ab78ab07ea0e.jpg,226,199,260,264,healthyChicken
chicken_chicken_coop_poultry_jpg.rf.bcf4b800215cee12e725ab78ab07ea0e.jpg,257,185,295,285,healthyChicken
darius-cotoi-R-1VgUb5f7U-unsplash_jpg.rf.9b34270a0ac1880e355fbc4aa27c8072.jpg,164,220,466,431,healthyChicken
Newcastle-Disease_jpg.rf.c657d168f9cec5e59fa106acd15a7745.jpg,51,56,524,575,sickChicken
gettyimages-687072450-612x612_jpg.rf.decac14cf7989d2573439480950b70c5.jpg,11,308,351,550,healthyChicken
gettyimages-687072450-612x612_jpg.rf.decac14cf7989d2573439480950b70c5.jpg,429,128,545,468,healthyChicken
gettyimages-687072450-612x612_jpg.rf.decac14cf7989d2573439480950b70c5.jpg,185,223,316,313,healthyChicken
chicken_coop_chickens_hahn_jpg.rf.cad9ae86aef766e0674462573f638dd7.jpg,248,127,369,611,healthyChicken
chicken_coop_chickens_hahn_jpg.rf.cad9ae86aef766e0674462573f638dd7.jpg,365,267,510,640,healthyChicken
chicken_coop_chickens_hahn_jpg.rf.cad9ae86aef766e0674462573f638dd7.jpg,6,238,201,617,healthyChicken
chicken_coop_chickens_hahn_jpg.rf.cad9ae86aef766e0674462573f638dd7.jpg,32,11,147,202,healthyChicken
chicken_coop_chickens_hahn_jpg.rf.cad9ae86aef766e0674462573f638dd7.jpg,463,96,554,304,healthyChicken
chicken_coop_chickens_hahn_jpg.rf.cad9ae86aef766e0674462573f638dd7.jpg,463,195,625,476,healthyChicken
images-2024-02-08T152150-742_jpeg.rf.d999a7798534c14cb2bf790bbf2dbfc6.jpg,4,78,495,635,healthyChicken
images-2024-02-08T152402-302_jpeg.rf.c72a5726fcbdae4b449701483ccc105c.jpg,216,95,357,499,sickChicken
download-30-_jpeg.rf.e727e6442d59618a6e049ac859aeed43.jpg,64,115,397,572,sickChicken
download-30-_jpeg.rf.e727e6442d59618a6e049ac859aeed43.jpg,374,11,598,540,sickChicken
images-2024-02-08T152548-069_jpeg.rf.e9b7e1e79a3263a0b374166b01821ce3.jpg,3,6,637,627,sickChicken
images-2024-02-08T152350-254_jpeg.rf.ebfd7277077dada3519888f771ea22d6.jpg,68,66,638,636,sickChicken
images-15-_jpeg.rf.cd27b2c67cad4a19f6b77335ddc8c86a.jpg,265,86,426,337,sickChicken
chicken_coop_poultry_farm_jpg.rf.e54c809ccd6652084cb789ddd1040da4.jpg,28,249,107,531,healthyChicken
chicken_coop_poultry_farm_jpg.rf.e54c809ccd6652084cb789ddd1040da4.jpg,228,312,371,586,healthyChicken
chicken_coop_poultry_farm_jpg.rf.e54c809ccd6652084cb789ddd1040da4.jpg,494,247,640,489,healthyChicken
chicken_coop_poultry_farm_jpg.rf.e54c809ccd6652084cb789ddd1040da4.jpg,116,356,212,512,healthyChicken
images-18-_jpeg.rf.d0b66f6fba4ea46e398fdb7476839902.jpg,152,21,575,385,sickChicken
download-33-_jpeg.rf.ecf9157799fe33e91e423519fa84dd77.jpg,40,132,370,562,sickChicken
download-33-_jpeg.rf.ecf9157799fe33e91e423519fa84dd77.jpg,451,148,615,505,sickChicken
images-6-_jpeg.rf.cacf61eb805c2bc7fb35156ce96393f5.jpg,95,88,580,550,sickChicken
images-2024-02-08T152437-832_jpeg.rf.b1ae11d2cb98aa91b36f4ec24db01eef.jpg,71,104,555,562,healthyChicken
images-14-_jpeg.rf.d701a68de841025950459723a1b253db.jpg,104,189,493,504,sickChicken
images-2024-02-08T152611-624_jpeg.rf.f43327d359916d0b5c1cbfd88b09a34a.jpg,90,174,299,523,sickChicken
images-2024-02-08T152611-624_jpeg.rf.f43327d359916d0b5c1cbfd88b09a34a.jpg,361,154,574,528,sickChicken
images-2024-02-08T152125-343_jpeg.rf.f384ab74b08180343fbcca3aaad7c475.jpg,5,11,495,636,sickChicken
chicken_farm_orange_hen_jpg.rf.f3334d336945b4bad359dc35c0787ede.jpg,195,75,489,598,healthyChicken
images-3-_jpeg.rf.fd0a2b6c23658473e6ca1a6c19eb9e31.jpg,4,19,592,559,sickChicken
download-9-_jpeg.rf.e8679cafb1e98d2c9a299197b7e3c519.jpg,72,137,640,438,sickChicken
images-2024-02-08T152405-486_jpeg.rf.f22b83fc8b87d4889696303628a13801.jpg,45,66,489,619,sickChicken
hahn_chicken_breed_chicken_jpg.rf.e8d88c1899f62509b8a0d38d140aaa1b.jpg,167,37,561,583,healthyChicken
download-14-_jpeg.rf.ed70a4cd66627f77fffdbd864a4eb995.jpg,0,69,499,637,healthyChicken
download-21-_jpeg.rf.f35de5511a5ec0a7f2193f6e6a7485ca.jpg,0,0,607,582,sickChicken
images-2024-02-08T152140-182_jpeg.rf.e971621063f7403d3a99852a77a45ea9.jpg,129,0,636,632,sickChicken
images-2024-02-08T152553-845_jpeg.rf.f0bc411c7e397a7a96edfb915df260a5.jpg,176,222,580,609,sickChicken
download-3-_jpeg.rf.fd1d65e3f03c8940dbdb346cf64eda2b.jpg,115,2,536,640,sickChicken